{ 
    
    "arm": [
        {
            "shape": [ 146.57142639160156,30, 46.285713195800781,46.571428537368774, 15.142857551574707,46.857142925262451, 6,42, 39,1, 136,13.714286804199219, 146.57142639160156,19.714284896850586 ]
        },
        {
            "shape": [ 39,1, 6,42, 2,17, 8,5 ]
        }
    ]
}
